Series Name,Series Code,Country Name,Country Code,2002 [YR2002],2003 [YR2003],2004 [YR2004],2005 [YR2005],2006 [YR2006],2007 [YR2007],2008 [YR2008],2009 [YR2009],2010 [YR2010],2011 [YR2011],2012 [YR2012],2013 [YR2013],2014 [YR2014],2015 [YR2015],2016 [YR2016],2017 [YR2017],2018 [YR2018],2019 [YR2019],2020 [YR2020],2021 [YR2021]
Access to electricity (% of population),EG.ELC.ACCS.ZS,Sub-Saharan Africa,SSF,27.29005969,29.52484764,29.31602127,29.29094688,31.12694246,32.45261589,32.33524537,32.5402369,33.2483108,35.80279845,36.68916709,37.92096701,38.25901219,39.1120982,43.73394058,43.67854785,46.34473946,47.13252085,48.48183745,50.58148381
Access to electricity (% of population),EG.ELC.ACCS.ZS,South Asia,SAS,60.55273639,63.2741408,62.6972642,66.7271002,66.93483934,70.11809926,72.4511661,73.71068585,75.1065107,78.00089055,79.47721901,81.66949811,83.88216949,86.78482373,88.91273868,91.6674212,94.61972207,95.31230716,96.19496149,98.76807243
Access to electricity (% of population),EG.ELC.ACCS.ZS,North America,NAC,100,100,100,100,100,100,100,100,100,100,100,100,100,100,100,100,100,100,100,100
Access to electricity (% of population),EG.ELC.ACCS.ZS,Middle East & North Africa,MEA,92.53940539,93.36026202,93.24679886,93.9253314,95.83800724,94.15255456,94.77339622,94.90388063,95.91352949,95.92194032,95.43330056,97.07742685,96.5192252,96.50443495,96.78562851,97.63193293,96.14943308,97.12969397,97.22991873,97.29010809
Access to electricity (% of population),EG.ELC.ACCS.ZS,Latin America & Caribbean,LCN,92.63024204,92.71473771,93.19872068,93.5237582,94.25588031,94.48735427,95.23412015,95.40683009,95.8832609,96.19956359,96.58370863,96.86610551,97.03592198,97.28998896,97.48072233,97.71354236,97.75991237,98.00483435,98.15788934,98.25931613
Access to electricity (% of population),EG.ELC.ACCS.ZS,East Asia & Pacific,EAS,92.99923336,93.21624938,93.9549637,93.6177967,94.66343285,94.6552616,95.22038911,94.99856351,95.55725361,96.0327965,96.25355997,96.48470082,96.6504141,96.96405239,97.0427749,97.70246775,97.66624191,97.87211754,97.79571431,98.15589361
Access to electricity (% of population),EG.ELC.ACCS.ZS,Central Europe and the Baltics,CEB,98.12439946,98.19392386,98.25504793,98.32062475,98.40666085,98.52985228,98.65500521,98.85338889,98.96421534,99.0760818,99.19475948,99.30547491,99.41363699,99.52488372,99.64359654,99.86672278,99.87722942,99.94516097,99.97873987,99.9864359
Access to electricity (% of population),EG.ELC.ACCS.ZS,Arab World,ARB,81.90401869,82.88821871,82.8302878,83.5904598,85.81586844,84.15250124,83.83835947,84.73583825,87.482231,87.71956908,87.40250163,89.34070478,88.83227593,89.05385159,89.53901606,90.66275374,89.17693883,90.35280229,90.63505001,90.84566129
Adjusted net national income per capita (current US$),NY.ADJ.NNTY.PC.CD,Sub-Saharan Africa,SSF,484.9227303,595.4394758,713.52749,810.236049,941.0771202,1031.617177,1096.201612,1098.333877,1228.723646,1324.017372,1364.384665,1432.758625,1475.96862,1364.49802,1248.600994,1276.45522,1297.537916,1308.523383,1213.875854,..
Adjusted net national income per capita (current US$),NY.ADJ.NNTY.PC.CD,South Asia,SAS,410.5184106,471.6909679,535.7403624,600.5937774,671.2991968,829.1788135,821.0795496,904.9102037,1088.434156,1184.684126,1183.798313,1196.13865,1300.866677,1352.065462,1439.133335,1633.953388,1653.550804,1723.618226,1608.285972,..
Adjusted net national income per capita (current US$),NY.ADJ.NNTY.PC.CD,North America,NAC,31409.5638,32457.61793,34555.71492,36878.04684,39190.73226,40289.80759,39914.95487,38486.61669,40987.06456,42818.37248,44656.55121,45477.18817,46948.62325,47814.29457,47977.80084,50029.52747,52032.16207,53589.38209,51455.87029,..
Adjusted net national income per capita (current US$),NY.ADJ.NNTY.PC.CD,Middle East & North Africa,MEA,2555.62129,2733.505466,3146.964046,3599.749116,4176.448139,4933.169016,5865.610786,5390.957777,6114.373395,6418.244895,6822.491886,6645.504246,6618.364512,5890.670609,5883.524519,5925.535883,5943.633715,5978.72419,5419.942767,..
Adjusted net national income per capita (current US$),NY.ADJ.NNTY.PC.CD,Latin America & Caribbean,LCN,3042.484821,3022.464019,3402.361955,4062.074141,4748.380423,5607.699614,6457.464119,6078.06589,7418.015711,8298.680868,8298.5649,8480.21822,8571.740149,7225.273317,6963.90407,7647.074768,7280.362443,7124.51193,5870.006531,..
Adjusted net national income per capita (current US$),NY.ADJ.NNTY.PC.CD,East Asia & Pacific,EAS,3264.297936,3738.172621,4284.56307,4684.761943,5179.57085,6127.652243,7318.553077,7775.141955,9006.7346,10383.20389,7323.883606,7289.369055,7486.464952,7384.612103,7632.173898,8101.213818,8633.473559,8770.606848,8643.050782,..
Adjusted net national income per capita (current US$),NY.ADJ.NNTY.PC.CD,Central Europe and the Baltics,CEB,3968.886027,4737.521469,5675.845868,6731.805482,7596.10209,9579.777336,11831.05489,9920.976566,10066.78842,11035.47131,10427.79144,11052.51986,11429.73147,10094.73096,10340.68166,11549.95103,13012.82432,13373.38295,13255.67393,..
Adjusted net national income per capita (current US$),NY.ADJ.NNTY.PC.CD,Arab World,ARB,2217.757545,2351.16989,2703.259708,3122.073644,3650.484913,4219.861768,5070.120798,4541.166654,5127.906384,5225.346768,5660.16963,5731.746622,5759.499854,5108.260831,4980.008234,4920.930522,5223.738966,5246.297084,4722.985175,..
Current health expenditure per capita (current US$),SH.XPD.CHEX.PC.CD,Sub-Saharan Africa,SSF,29.8298,43.73001794,52.50715421,58.75229679,65.34149804,72.4124585,77.31053279,76.78921511,86.91705732,95.54901843,93.50904285,95.43242019,92.81980422,85.6231574,77.73407127,79.28972793,78.93244544,77.2789558,73.79237073,..
Current health expenditure per capita (current US$),SH.XPD.CHEX.PC.CD,South Asia,SAS,18.71157229,20.04129286,22.73356513,25.34054096,27.5634504,32.90104042,34.81418603,35.3589514,41.03253651,44.23809395,44.52192521,50.80361998,52.39442314,54.49387756,56.63307064,55.37377011,56.17903908,58.04461633,55.72859422,..
Current health expenditure per capita (current US$),SH.XPD.CHEX.PC.CD,North America,NAC,4993.099949,5396.580775,5738.115099,6096.000409,6482.778859,6844.391113,7064.96017,7284.776088,7561.268755,7764.069646,8000.955802,8136.808053,8464.934425,8786.504808,9099.467761,9398.644031,9751.665956,10087.93302,11076.73761,..
Current health expenditure per capita (current US$),SH.XPD.CHEX.PC.CD,Middle East & North Africa,MEA,149.3857412,145.8728104,160.7184985,179.6479593,200.9251616,234.7572129,279.3183362,304.4367202,331.0382704,378.9589504,399.7207792,418.4434914,439.3537335,419.2939453,453.1937761,472.7407074,492.9152086,428.5323938,470.573956,..
Current health expenditure per capita (current US$),SH.XPD.CHEX.PC.CD,Latin America & Caribbean,LCN,237.9432666,246.3762839,280.4371642,337.7308435,401.333165,478.7231255,548.8056463,552.210539,650.422552,725.7895702,727.5339025,751.8209139,756.4371568,668.8071912,628.4694242,719.0055857,668.4810918,655.1440075,594.3923457,..
Current health expenditure per capita (current US$),SH.XPD.CHEX.PC.CD,East Asia & Pacific,EAS,225.4971978,252.9317803,279.5298824,293.4928547,299.3860869,323.9570486,376.7466632,421.9314732,480.3379598,589.9274707,629.1656793,605.9823575,619.6760652,606.088109,639.2409936,672.1007729,727.8658362,755.0758317,790.3246219,..
Current health expenditure per capita (current US$),SH.XPD.CHEX.PC.CD,Central Europe and the Baltics,CEB,298.2324758,372.9412809,446.7367993,522.5036194,580.0235531,729.2921008,927.1541944,842.0350386,855.0534711,906.6744133,850.648139,914.3540886,931.1826366,812.5953462,845.3210645,938.7953246,1053.573309,1089.93758,1181.129794,..
Current health expenditure per capita (current US$),SH.XPD.CHEX.PC.CD,Arab World,ARB,113.7349722,110.0380473,120.6327204,134.2780471,154.1731823,180.400834,211.9863239,227.7966757,237.55464,272.662633,293.3649647,328.060183,355.1487355,340.523514,348.3078629,354.3620093,368.9811155,277.236393,278.8411553,..
"Death rate, crude (per 1,000 people)",SP.DYN.CDRT.IN,Sub-Saharan Africa,SSF,13.99301252,13.65778081,13.32240279,12.94059276,12.5057858,12.12329971,11.76303144,11.32907355,10.97359965,10.59140016,10.26216501,9.973519771,9.719882911,9.500842351,9.245780917,9.044112351,8.853859133,8.671770425,8.827522848,9.106516443
"Death rate, crude (per 1,000 people)",SP.DYN.CDRT.IN,South Asia,SAS,8.238172007,8.072707507,7.949097718,7.816926858,7.655262474,7.597093991,7.513084817,7.453094345,7.302632357,7.199881146,7.057151825,6.925425776,6.783088979,6.66760464,6.584932305,6.544621211,6.559513084,6.596752783,7.166529662,8.737008747
"Death rate, crude (per 1,000 people)",SP.DYN.CDRT.IN,North America,NAC,8.362035409,8.27193515,8.091555094,8.181737065,7.991567608,7.911231803,8.011064921,7.820846556,7.896357327,7.97619197,8.001993262,8.113495524,8.143091031,8.335712328,8.382994925,8.522828398,8.578337687,8.586936937,10.07349688,10.13176977
"Death rate, crude (per 1,000 people)",SP.DYN.CDRT.IN,Middle East & North Africa,MEA,5.343180588,5.44709841,5.319169846,5.267592473,5.235441474,5.153699732,5.090259638,5.005386233,4.956857545,4.915449203,5.010419056,5.057609364,5.00724811,4.956075156,4.898085709,4.778577604,4.773046379,4.793648541,5.285240173,5.545466872
"Death rate, crude (per 1,000 people)",SP.DYN.CDRT.IN,Latin America & Caribbean,LCN,5.991319095,6.02218446,5.979679269,5.920430358,5.938318996,6.001043118,6.011990108,6.042539842,6.247506583,6.110149641,6.133420598,6.137087278,6.16514939,6.262189154,6.417051284,6.455348966,6.527367317,6.570456235,7.76559302,8.427246679
"Death rate, crude (per 1,000 people)",SP.DYN.CDRT.IN,East Asia & Pacific,EAS,6.611340132,6.57385913,6.685958137,6.690704879,6.862556578,6.953747168,7.129924362,7.068189312,7.11701794,7.16159747,7.170779683,7.168982279,7.164243821,7.153939233,7.164139661,7.203992446,7.222429422,7.253499124,7.383818859,7.818550622
"Death rate, crude (per 1,000 people)",SP.DYN.CDRT.IN,Central Europe and the Baltics,CEB,11.16444986,11.31944379,11.11677889,11.34498586,11.28587385,11.38941109,11.37212514,11.43433358,11.42948365,11.31672317,11.49672886,11.41056152,11.37511582,11.8380896,11.61716306,11.97640243,12.11740032,11.98180006,13.7020455,15.39576302
"Death rate, crude (per 1,000 people)",SP.DYN.CDRT.IN,Arab World,ARB,6.117311281,6.188104997,6.214409956,6.14085868,5.994368342,5.88134893,5.762979902,5.584754154,5.549976809,5.50163676,5.559297792,5.602629586,5.519414541,5.451670485,5.40864974,5.253351701,5.226991814,5.198866421,5.6161084,5.750367447
Exports of goods and services (current US$),NE.EXP.GNFS.CD,Sub-Saharan Africa,SSF,1.24206E+11,1.51615E+11,1.81236E+11,2.26885E+11,2.97746E+11,3.35545E+11,4.22994E+11,3.19309E+11,4.28179E+11,5.31263E+11,5.35892E+11,4.79811E+11,4.90113E+11,3.50508E+11,3.1168E+11,3.70546E+11,4.26695E+11,4.15457E+11,3.27433E+11,4.41655E+11
Exports of goods and services (current US$),NE.EXP.GNFS.CD,South Asia,SAS,99623524566,1.21026E+11,1.60234E+11,2.00211E+11,2.44777E+11,3.02389E+11,3.43287E+11,3.27685E+11,4.38118E+11,5.271E+11,5.2755E+11,5.58078E+11,5.57176E+11,5.03493E+11,5.28113E+11,5.90337E+11,6.38343E+11,6.33295E+11,5.85556E+11,7.76779E+11
Exports of goods and services (current US$),NE.EXP.GNFS.CD,North America,NAC,1.30457E+12,1.36729E+12,1.56186E+12,1.73646E+12,1.94003E+12,2.16519E+12,2.37286E+12,1.97762E+12,2.33235E+12,2.66934E+12,2.77589E+12,2.85043E+12,2.95377E+12,2.76772E+12,2.71687E+12,2.91049E+12,3.09952E+12,3.10643E+12,2.64088E+12,3.16195E+12
Exports of goods and services (current US$),NE.EXP.GNFS.CD,Middle East & North Africa,MEA,3.93418E+11,4.60214E+11,6.04946E+11,8.01039E+11,9.61373E+11,1.12406E+12,1.45227E+12,1.06074E+12,1.3112E+12,1.60956E+12,1.76901E+12,1.73735E+12,1.63622E+12,1.22872E+12,1.16029E+12,1.32318E+12,1.51909E+12,1.45184E+12,1.12042E+12,..
Exports of goods and services (current US$),NE.EXP.GNFS.CD,Latin America & Caribbean,LCN,4.73905E+11,5.18051E+11,6.22174E+11,7.39275E+11,8.63909E+11,9.70097E+11,1.113E+12,8.95016E+11,1.15938E+12,1.35643E+12,1.36013E+12,1.35562E+12,1.32901E+12,1.17485E+12,1.16585E+12,1.28276E+12,1.37151E+12,1.36616E+12,1.19241E+12,1.50718E+12
Exports of goods and services (current US$),NE.EXP.GNFS.CD,East Asia & Pacific,EAS,1.96404E+12,2.29568E+12,2.85479E+12,3.29275E+12,3.83435E+12,4.47069E+12,5.10444E+12,4.2792E+12,5.4716E+12,6.44941E+12,6.73613E+12,6.93238E+12,7.1312E+12,6.64384E+12,6.41062E+12,7.09899E+12,7.7109E+12,7.55166E+12,7.24325E+12,9.04606E+12
Exports of goods and services (current US$),NE.EXP.GNFS.CD,Central Europe and the Baltics,CEB,2.06552E+11,2.64206E+11,3.45699E+11,4.12735E+11,5.01738E+11,6.39914E+11,7.61128E+11,6.01155E+11,6.87098E+11,8.22584E+11,7.97621E+11,8.54559E+11,8.96967E+11,7.93935E+11,8.23477E+11,9.30698E+11,1.04364E+12,1.04186E+12,9.86195E+11,1.21668E+12
Exports of goods and services (current US$),NE.EXP.GNFS.CD,Arab World,ARB,3.19436E+11,3.75641E+11,5.02205E+11,6.73854E+11,8.19643E+11,9.52847E+11,1.26231E+12,8.95194E+11,1.11362E+12,1.35928E+12,1.52481E+12,1.50845E+12,1.42298E+12,1.04903E+12,9.56982E+11,1.09832E+12,1.28897E+12,1.2482E+12,9.36113E+11,..
Fuel exports (% of merchandise exports),TX.VAL.FUEL.ZS.UN,Sub-Saharan Africa,SSF,31.71618342,31.22528111,..,..,33.37704716,41.13637916,31.79568887,39.72416344,37.96898764,40.1182753,39.89362527,39.06316978,39.4094414,35.38691193,35.25992286,38.24440657,39.37849053,37.93275054,36.92504489,38.36819951
Fuel exports (% of merchandise exports),TX.VAL.FUEL.ZS.UN,South Asia,SAS,3.906564152,5.083792881,6.698246159,8.785305812,12.38786504,13.60789128,15.13029109,11.39382783,14.36824963,15.49966856,15.37505286,16.84296335,17.73240159,9.707254358,9.591183772,10.99497216,14.02853697,12.48011545,9.101853528,12.81250553
Fuel exports (% of merchandise exports),TX.VAL.FUEL.ZS.UN,North America,NAC,4.146118242,5.113281792,5.826501977,7.190329992,7.467876242,7.854157258,11.3407008,9.79549354,11.07367749,13.67800965,13.39969919,14.10805894,14.82496102,10.70469404,9.732578444,12.96328749,15.77862648,16.31779758,14.13401536,18.05384041
Fuel exports (% of merchandise exports),TX.VAL.FUEL.ZS.UN,Middle East & North Africa,MEA,66.32229398,63.42943383,67.32493101,67.64285607,71.27000756,70.86424981,70.38296043,60.94234051,65.29703166,66.32022961,61.88786211,66.72049593,64.13404387,56.6034613,55.64728181,55.57454206,64.9956271,67.86221048,65.43091022,67.8931482
Fuel exports (% of merchandise exports),TX.VAL.FUEL.ZS.UN,Latin America & Caribbean,LCN,13.22547401,14.59138872,15.01872535,17.14466337,17.80180296,14.44144355,19.12062356,17.08772573,17.53735734,17.70364442,18.44039714,17.28063143,12.83096791,8.992680797,7.736627531,9.193992684,10.92494766,10.1149891,7.858792024,9.33230926
Fuel exports (% of merchandise exports),TX.VAL.FUEL.ZS.UN,East Asia & Pacific,EAS,4.63051315,4.705457837,5.063512169,5.699289593,5.719917548,5.669727129,7.258355547,6.003492795,6.085985025,6.831247315,6.675248112,6.497669612,6.290563717,4.994200545,4.441601332,5.056041644,5.632126138,5.312497069,3.641718487,4.347187848
Fuel exports (% of merchandise exports),TX.VAL.FUEL.ZS.UN,Central Europe and the Baltics,CEB,5.046203511,4.410890539,5.257378295,5.923932619,5.69082636,4.604007676,5.565421544,4.796901084,5.456248355,6.120182506,6.305146229,5.706825459,5.135906312,4.373150288,3.410076746,3.69260097,3.676951714,3.389779712,2.437656165,3.382717858
Fuel exports (% of merchandise exports),TX.VAL.FUEL.ZS.UN,Arab World,ARB,71.1731585,67.37814844,71.66226496,71.98294817,75.89667649,76.30310323,75.72343219,65.65200074,69.71568793,70.9039611,66.69080236,71.17609256,68.53309498,60.67241662,58.80608034,58.59795162,70.00813553,73.4716914,65.52438443,67.97632495
Fuel imports (% of merchandise imports),TM.VAL.FUEL.ZS.UN,Sub-Saharan Africa,SSF,11.1982161,13.16584258,13.91242417,15.49294822,16.39677605,14.33789853,17.69369345,14.30172565,15.11361136,17.05800892,16.80925051,19.39904426,19.16199797,16.41843573,15.19341868,15.83263471,18.33694984,16.20542897,13.6358597,17.52146361
Fuel imports (% of merchandise imports),TM.VAL.FUEL.ZS.UN,South Asia,SAS,28.04753133,26.98173858,27.93371752,29.11464585,31.11571365,30.40754759,33.06431232,28.43894546,28.69536632,31.14630091,34.39416656,35.31795614,36.59547691,24.37808348,23.68243947,26.37537882,32.09594129,30.6082154,26.99693156,28.72445646
Fuel imports (% of merchandise imports),TM.VAL.FUEL.ZS.UN,North America,NAC,9.253494171,11.41915593,13.12795561,16.09891001,16.60228078,17.03145061,21.49838051,16.17447961,17.18984505,19.09841193,17.46504822,15.84883046,14.14803356,8.407964217,7.108617493,8.244626025,9.046564248,8.044723548,5.334914712,7.40286161
Fuel imports (% of merchandise imports),TM.VAL.FUEL.ZS.UN,Middle East & North Africa,MEA,3.603266557,5.466629465,4.947528001,6.511764765,6.741402712,7.812784814,10.32137275,6.330101169,6.453697477,7.603027173,9.751011537,8.136913494,8.103451303,5.787146957,5.208273162,6.486317875,8.583842842,12.86248508,10.87648553,9.477844335
Fuel imports (% of merchandise imports),TM.VAL.FUEL.ZS.UN,Latin America & Caribbean,LCN,7.817984704,8.617572972,9.650332199,10.9806117,10.50516522,12.15009776,13.84477829,11.08406484,11.95682603,14.14861406,13.84514789,13.96614013,13.99091587,10.64750731,9.449225351,11.12975804,12.49733258,11.64869058,8.40333634,11.07070774
Fuel imports (% of merchandise imports),TM.VAL.FUEL.ZS.UN,East Asia & Pacific,EAS,10.60640846,11.31463688,12.52515279,14.74402244,16.35528541,16.148064,20.1228804,16.65612761,17.24125664,19.9079733,21.04897924,20.44045765,19.91599361,13.96550926,12.3424015,14.56902352,16.92996588,16.28046834,12.48940867,14.60845767
Fuel imports (% of merchandise imports),TM.VAL.FUEL.ZS.UN,Central Europe and the Baltics,CEB,10.50785771,8.888122287,9.27201943,11.08806825,11.00089829,10.52319884,12.5324914,11.14651944,12.49336256,13.91824449,14.46823405,12.97468505,11.60081067,8.762182476,7.009047989,8.066764885,8.925679813,8.409134782,5.684348109,7.997005899
Fuel imports (% of merchandise imports),TM.VAL.FUEL.ZS.UN,Arab World,ARB,3.285572294,5.028785068,4.23865914,5.593815964,6.261402887,7.25902715,9.677216377,5.440668929,5.757169748,6.962313761,8.52058104,7.371732858,7.588324369,5.465574217,5.104780842,6.355152465,8.62678925,12.9067748,11.1607648,9.462356484
GDP per capita (current US$),NY.GDP.PCAP.CD,Sub-Saharan Africa,SSF,626.2511908,768.1093075,928.6954041,1073.51253,1235.26819,1391.780047,1535.164692,1437.114997,1661.415064,1824.094491,1842.969087,1905.498346,1936.664366,1681.367334,1521.52751,1603.501804,1624.144532,1625.762576,1488.7955,1630.983903
GDP per capita (current US$),NY.GDP.PCAP.CD,South Asia,SAS,463.3338162,531.1191605,605.0548414,681.6498939,763.8377671,946.3386699,947.233909,1028.57612,1242.042543,1351.622679,1347.450817,1364.399694,1475.338214,1523.383336,1675.367623,1887.857385,1920.20841,1964.980519,1853.893087,2136.15806
GDP per capita (current US$),NY.GDP.PCAP.CD,North America,NAC,36651.82911,38395.22158,40788.09354,43368.25243,45741.03259,47727.48204,48398.10295,46581.28354,48552.94241,50289.0244,51881.17089,53234.1501,54714.47093,55452.42138,56312.43488,58423.88588,61174.69147,63203.37389,61461.12113,68382.93995
GDP per capita (current US$),NY.GDP.PCAP.CD,Middle East & North Africa,MEA,3128.342497,3405.981437,3940.491266,4636.555852,5308.192352,6119.52767,7442.681915,6567.651331,7498.590764,8295.284785,8794.730605,8471.774776,8345.566715,7217.651557,7158.049311,7337.224176,7561.201139,7444.621285,6579.370987,7694.855169
GDP per capita (current US$),NY.GDP.PCAP.CD,Latin America & Caribbean,LCN,3758.838202,3786.150864,4306.601982,5142.165707,5949.035123,6928.065905,7965.66107,7403.604428,9083.541644,10224.39712,10221.92606,10363.64387,10458.75905,8652.439965,8363.884187,9202.644828,8920.943817,8713.543646,7344.060922,8413.260117
GDP per capita (current US$),NY.GDP.PCAP.CD,East Asia & Pacific,EAS,3796.538934,4141.299245,4609.602569,4881.332927,5134.809962,5695.51483,6518.999914,6661.461523,7721.625263,8890.748424,9435.97324,9468.444029,9694.447645,9586.891992,9855.059823,10452.73707,11311.76908,11480.70382,11482.8805,13119.40565
GDP per capita (current US$),NY.GDP.PCAP.CD,Central Europe and the Baltics,CEB,4937.126616,5949.802829,7176.511344,8355.864587,9469.081319,12008.2924,14576.26388,12306.25967,12606.59116,13962.77109,13074.23824,13665.7266,14141.10062,12525.6327,12782.22224,14222.45429,16077.02395,16349.00536,16298.26706,18790.41816
GDP per capita (current US$),NY.GDP.PCAP.CD,Arab World,ARB,2693.037779,2915.513683,3392.620162,4069.149413,4701.931138,5327.234547,6528.650292,5585.45611,6406.313817,6864.434184,7365.456849,7348.84955,7302.25035,6283.256026,6113.397738,6224.52297,6573.81697,6498.529037,5639.398735,6414.725618
Gross national expenditure (current US$),NE.DAB.TOTL.CD,Sub-Saharan Africa,SSF,4.32611E+11,5.50389E+11,6.80153E+11,7.91031E+11,9.09091E+11,1.0975E+12,1.22451E+12,1.24261E+12,1.42724E+12,1.60016E+12,1.65648E+12,1.84357E+12,1.91622E+12,1.76662E+12,1.63786E+12,1.74399E+12,1.81507E+12,1.88509E+12,1.73455E+12,1.92818E+12
Gross national expenditure (current US$),NE.DAB.TOTL.CD,South Asia,SAS,7.12397E+11,8.23286E+11,9.58666E+11,1.11575E+12,1.27365E+12,1.63206E+12,1.64363E+12,1.81305E+12,2.19066E+12,2.44016E+12,2.44303E+12,2.42989E+12,2.68281E+12,2.78163E+12,3.05449E+12,3.51088E+12,3.68105E+12,3.79147E+12,3.59609E+12,4.26391E+12
Gross national expenditure (current US$),NE.DAB.TOTL.CD,North America,NAC,1.2099E+13,1.28422E+13,1.3836E+13,1.49097E+13,1.58898E+13,1.66527E+13,1.70415E+13,1.62971E+13,1.72352E+13,1.7999E+13,1.86742E+13,1.9203E+13,1.98881E+13,2.03326E+13,2.07695E+13,2.17054E+13,2.28903E+13,2.37345E+13,2.33778E+13,2.61848E+13
Gross national expenditure (current US$),NE.DAB.TOTL.CD,Middle East & North Africa,MEA,8.85316E+11,9.64849E+11,1.11186E+12,1.25076E+12,1.45946E+12,1.79575E+12,2.20492E+12,2.19818E+12,2.39803E+12,2.75182E+12,2.99546E+12,3.01574E+12,3.19019E+12,3.10675E+12,3.15184E+12,3.20961E+12,3.21826E+12,3.34993E+12,3.21352E+12,3.49869E+12
Gross national expenditure (current US$),NE.DAB.TOTL.CD,Latin America & Caribbean,LCN,1.98988E+12,2.0233E+12,2.30251E+12,2.78348E+12,3.26014E+12,3.88889E+12,4.5842E+12,4.3E+12,5.30716E+12,6.06652E+12,6.19218E+12,6.42094E+12,6.59715E+12,5.44811E+12,5.27203E+12,5.84117E+12,5.72231E+12,5.60869E+12,4.679E+12,5.46941E+12
Gross national expenditure (current US$),NE.DAB.TOTL.CD,East Asia & Pacific,EAS,7.73616E+12,8.50903E+12,9.51597E+12,1.01174E+13,1.06295E+13,1.17673E+13,1.37071E+13,1.41536E+13,1.64974E+13,1.93357E+13,2.08437E+13,2.11291E+13,2.17639E+13,2.14297E+13,2.21958E+13,2.3705E+13,2.60128E+13,2.6615E+13,2.6632E+13,3.01576E+13
Gross national expenditure (current US$),NE.DAB.TOTL.CD,Central Europe and the Baltics,CEB,5.48382E+11,6.59244E+11,7.93869E+11,9.15612E+11,1.04265E+12,1.32805E+12,1.61264E+12,1.29997E+12,1.32841E+12,1.46087E+12,1.35037E+12,1.38584E+12,1.43242E+12,1.25735E+12,1.26766E+12,1.41444E+12,1.61381E+12,1.63245E+12,1.61354E+12,1.88335E+12
Gross national expenditure (current US$),NE.DAB.TOTL.CD,Arab World,ARB,6.45632E+11,6.98633E+11,8.02399E+11,9.23359E+11,1.09268E+12,1.33888E+12,1.65008E+12,1.64459E+12,1.77076E+12,1.98017E+12,2.17222E+12,2.3274E+12,2.51815E+12,2.49124E+12,2.50031E+12,2.51731E+12,2.56675E+12,2.66624E+12,2.53111E+12,2.71312E+12
Imports of goods and services (current US$),NE.IMP.GNFS.CD,Sub-Saharan Africa,SSF,1.1935E+11,1.51763E+11,1.75457E+11,2.12619E+11,2.54871E+11,3.3044E+11,3.91869E+11,3.55743E+11,4.11602E+11,4.98941E+11,4.88044E+11,5.13879E+11,5.12565E+11,4.34708E+11,3.88097E+11,4.21163E+11,4.77055E+11,4.82246E+11,3.56606E+11,4.58821E+11
Imports of goods and services (current US$),NE.IMP.GNFS.CD,South Asia,SAS,1.10816E+11,1.32048E+11,1.81045E+11,2.39269E+11,2.99185E+11,3.79397E+11,4.4737E+11,4.34037E+11,5.47608E+11,6.89393E+11,7.0197E+11,6.60128E+11,6.66314E+11,6.04632E+11,6.22036E+11,7.43203E+11,8.30295E+11,7.85978E+11,6.64975E+11,9.49311E+11
Imports of goods and services (current US$),NE.IMP.GNFS.CD,North America,NAC,1.70982E+12,1.85343E+12,2.1491E+12,2.42879E+12,2.68883E+12,2.86761E+12,3.08455E+12,2.41506E+12,2.89317E+12,3.26762E+12,3.36031E+12,3.35702E+12,3.47851E+12,3.33052E+12,3.25737E+12,3.48162E+12,3.72439E+12,3.70886E+12,3.30357E+12,4.02264E+12
Imports of goods and services (current US$),NE.IMP.GNFS.CD,Middle East & North Africa,MEA,3.33709E+11,3.7781E+11,4.83289E+11,5.76336E+11,6.67151E+11,8.56698E+11,1.0858E+12,9.67474E+11,1.02486E+12,1.10192E+12,1.24259E+12,1.26614E+12,1.32059E+12,1.22101E+12,1.1522E+12,1.23641E+12,1.27071E+12,1.2872E+12,1.08586E+12,1.25919E+12
Imports of goods and services (current US$),NE.IMP.GNFS.CD,Latin America & Caribbean,LCN,4.54024E+11,4.76755E+11,5.68246E+11,6.69685E+11,7.88217E+11,9.30233E+11,1.12307E+12,8.94308E+11,1.13377E+12,1.3529E+12,1.41326E+12,1.4735E+12,1.51369E+12,1.25531E+12,1.19266E+12,1.30897E+12,1.42935E+12,1.39738E+12,1.15409E+12,1.54809E+12
Imports of goods and services (current US$),NE.IMP.GNFS.CD,East Asia & Pacific,EAS,1.77949E+12,2.07774E+12,2.60219E+12,2.98157E+12,3.41595E+12,3.89836E+12,4.62754E+12,3.81319E+12,4.96007E+12,6.07317E+12,6.41095E+12,6.61005E+12,6.76003E+12,6.00111E+12,5.80782E+12,6.50423E+12,7.31021E+12,7.10512E+12,6.53206E+12,8.19408E+12
Imports of goods and services (current US$),NE.IMP.GNFS.CD,Central Europe and the Baltics,CEB,2.26923E+11,2.8907E+11,3.76522E+11,4.42345E+11,5.42874E+11,7.02655E+11,8.43356E+11,6.11448E+11,6.99113E+11,8.28894E+11,7.89121E+11,8.23076E+11,8.65838E+11,7.5791E+11,7.74644E+11,8.83918E+11,1.00894E+12,1.00026E+12,9.33791E+11,1.19525E+12
Imports of goods and services (current US$),NE.IMP.GNFS.CD,Arab World,ARB,2.5838E+11,2.91303E+11,3.8077E+11,4.6697E+11,5.4661E+11,7.13333E+11,9.15131E+11,8.19375E+11,8.57069E+11,9.09827E+11,1.01264E+12,1.0685E+12,1.12366E+12,1.05268E+12,9.74285E+11,1.03623E+12,1.0609E+12,1.09319E+12,9.18277E+11,..
"Inflation, GDP deflator (annual %)",NY.GDP.DEFL.KD.ZG,Sub-Saharan Africa,SSF,3.583687304,5.785013699,8.68283553,7.346539396,7.763185816,7.068196035,10.53291045,3.603515189,5.644330861,9.391655493,5.466174868,4.134331895,3.088390728,2.927899365,4.905167134,4.226793385,3.980391277,2.650228921,3.650063599,6.218666313
"Inflation, GDP deflator (annual %)",NY.GDP.DEFL.KD.ZG,South Asia,SAS,3.892867435,3.563201419,6.528012451,6.979577024,7.362936969,7.438804134,8.527467859,6.902360061,8.835346941,10.6842835,7.83776815,6.341620478,5.154816174,3.833658412,4.913316505,4.538671788,3.863013452,3.764341897,4.293796828,5.732992836
"Inflation, GDP deflator (annual %)",NY.GDP.DEFL.KD.ZG,North America,NAC,1.558531389,2.824739521,3.266266004,3.135824067,3.085582932,3.27836135,3.987170431,0.640954733,2.236222003,2.07771382,1.870595529,1.737448,1.944598697,1.000541633,1.00223548,1.89961014,1.61741439,1.793930501,0.615457491,4.492792236
"Inflation, GDP deflator (annual %)",NY.GDP.DEFL.KD.ZG,Middle East & North Africa,MEA,3.592594552,4.496528495,11.02378422,14.93015912,9.821605303,7.329725192,17.34907597,-5.74274653,10.60510761,12.41509786,4.670767951,1.531893816,0.669193443,0.197001679,0.8712952,5.51968542,7.924770717,0.844355415,0.146950448,13.26196604
"Inflation, GDP deflator (annual %)",NY.GDP.DEFL.KD.ZG,Latin America & Caribbean,LCN,3.718391973,4.718566729,6.451983852,5.94079763,6.389222408,6.056719211,7.602439108,3.537970804,4.655701383,5.659653515,3.598221244,2.521677287,2.50461004,2.690520901,2.056006451,2.858883728,2.336867904,2.996712248,2.180002833,3.919048897
"Inflation, GDP deflator (annual %)",NY.GDP.DEFL.KD.ZG,East Asia & Pacific,EAS,3.081011422,2.603177719,3.127880288,3.94943883,4.0539579,3.169374845,6.796866361,1.795684999,2.929044853,3.820472697,2.881098354,1.936750638,2.272644777,2.435482086,1.902784432,2.877870351,3.111821368,1.499486195,0.944197436,2.637974333
"Inflation, GDP deflator (annual %)",NY.GDP.DEFL.KD.ZG,Central Europe and the Baltics,CEB,3.937822522,4.304606412,4.916627997,3.114711564,3.892673068,5.443677217,5.50880124,2.979020528,0.928239619,3.116063878,2.224247726,1.364704738,1.340740195,1.005043485,1.141450601,2.947877208,3.527174275,3.032488822,2.37070304,5.211903116
"Inflation, GDP deflator (annual %)",NY.GDP.DEFL.KD.ZG,Arab World,ARB,3.970747733,5.016239685,11.02378422,15.3553048,9.821605303,8.349756315,16.47924069,-5.74274653,11.79676326,14.28964321,4.670767951,1.506209755,0.525241315,-2.11493647,0.920589534,5.252949282,7.341055798,2.346912358,0.408309421,12.69571522
"Literacy rate, adult total (% of people ages 15 and above)",SE.ADT.LITR.ZS,Sub-Saharan Africa,SSF,57.98503876,58.34712982,59.8666687,58.89574051,60.25526047,57.71746063,57.88127899,58.65356064,59.2130394,60.78815842,61.96923828,62.83042908,63.51337814,64.13227844,64.86139679,65.22324371,66.68363953,67.41085815,67.54763031,67.59192657
"Literacy rate, adult total (% of people ages 15 and above)",SE.ADT.LITR.ZS,South Asia,SAS,59.20312881,60.09577942,60.87617111,60.62966919,60.16196823,61.70198059,62.7935791,63.46567917,66.03605652,66.50596619,67.30776215,68.05452728,68.79316711,69.75715637,71.10492706,71.7903595,72.08151245,71.94278717,72.65860748,73.42247009
"Literacy rate, adult total (% of people ages 15 and above)",SE.ADT.LITR.ZS,North America,NAC,..,98.57132721,98.58383942,98.6025238,98.61302185,98.62580109,98.64644623,..,..,..,..,..,..,..,..,98.71929932,98.72724915,98.73326111,98.74022675,98.73995209
"Literacy rate, adult total (% of people ages 15 and above)",SE.ADT.LITR.ZS,Middle East & North Africa,MEA,71.02651978,74.09117126,74.70030212,74.46501923,74.54418945,75.23201752,75.84242249,75.86177063,76.66654968,77.35668945,79.85405731,77.86290741,81.56906128,79.55847931,80.59259033,81.51193237,79.00978851,79.34100342,79.7623291,80.01225281
"Literacy rate, adult total (% of people ages 15 and above)",SE.ADT.LITR.ZS,Latin America & Caribbean,LCN,89.29534149,90.0865097,90.02800751,90.51113892,90.46457672,91.07581329,91.32739258,91.59747314,91.58734894,92.15574646,92.39837646,92.44463348,92.88938904,93.05001068,93.52841949,93.59472656,93.72666931,94.17398071,94.19924927,94.45465088
"Literacy rate, adult total (% of people ages 15 and above)",SE.ADT.LITR.ZS,East Asia & Pacific,EAS,90.98892212,91.35196686,91.69667053,92.01265717,92.41628265,93.44074249,93.72557831,94.02799225,94.12464142,93.83103943,94.02285004,94.12432098,94.6579895,94.86949921,95.03397369,95.20587921,95.30793762,95.70822144,96.00154877,96.03774261
"Literacy rate, adult total (% of people ages 15 and above)",SE.ADT.LITR.ZS,Central Europe and the Baltics,CEB,..,..,..,..,..,..,..,..,..,..,..,99.29846954,99.31572723,99.3327713,99.35350037,99.37042999,99.38723755,99.4021225,99.41718292,99.42526245
"Literacy rate, adult total (% of people ages 15 and above)",SE.ADT.LITR.ZS,Arab World,ARB,67.36019897,69.98902893,70.57377625,70.23332977,69.12741089,69.87658691,70.67662811,69.58039093,70.51841736,72.27749634,75.70188904,73.27648163,77.57787323,74.9812088,76.38672638,77.17030334,74.28613281,74.60366058,75.02288055,75.23117828
Military expenditure (current USD),MS.MIL.XPND.CD,Sub-Saharan Africa,SSF,6573025593,7439582729,9322007305,10407382608,12512528229,14181475863,17968700219,17839473070,16597877232,18231412439,18761367116,21753112629,23280917790,20399651537,19234949087,21683076140,18595608414,17858438956,18201431681,20902140656
Military expenditure (current USD),MS.MIL.XPND.CD,South Asia,SAS,19361949143,21420874130,26012470554,29359373061,30830893326,35994785233,41198040830,47239315908,55774807203,60753790483,58489349866,59206270805,64457544182,66198388272,72165915988,81810550405,83919088226,88431687095,90196726239,95582525811
Military expenditure (current USD),MS.MIL.XPND.CD,North America,NAC,3.86959E+11,4.5049E+11,5.04336E+11,5.46191E+11,5.73145E+11,6.07003E+11,6.76098E+11,7.24853E+11,7.57321E+11,7.73682E+11,7.45657E+11,6.97745E+11,6.65643E+11,6.51767E+11,6.57639E+11,6.69023E+11,7.05221E+11,7.56739E+11,8.0148E+11,8.31592E+11
Military expenditure (current USD),MS.MIL.XPND.CD,Middle East & North Africa,MEA,51583961417,54138135926,61157270756,69188725060,77663587928,91907534246,1.07852E+11,1.13607E+11,1.25472E+11,1.37355E+11,1.5291E+11,1.70812E+11,1.82713E+11,1.62589E+11,1.3871E+11,1.47809E+11,1.50364E+11,1.36784E+11,1.33765E+11,1.50567E+11
Military expenditure (current USD),MS.MIL.XPND.CD,Latin America & Caribbean,LCN,22856595391,22188309682,25168488711,32708555563,37949010240,46583560657,56398851594,56235033582,68482903994,73819638768,75357021899,78498565893,72777697944,59425618477,56685347152,66628054199,63994234882,60569030927,54537635568,56824562081
Military expenditure (current USD),MS.MIL.XPND.CD,East Asia & Pacific,EAS,1.22588E+11,1.48334E+11,1.6665E+11,1.80301E+11,1.58996E+11,1.79099E+11,2.0502E+11,2.26989E+11,2.49872E+11,2.86786E+11,3.11654E+11,3.23142E+11,3.43005E+11,3.50386E+11,3.59938E+11,3.76948E+11,4.061E+11,4.11235E+11,4.35854E+11,4.75473E+11
Military expenditure (current USD),MS.MIL.XPND.CD,Central Europe and the Baltics,CEB,9813280324,11579104282,13144893461,15493211065,16772053343,20777311269,23387708102,19628558957,19401478750,20407273071,18894887159,19518058629,20798971721,19825581504,19549118998,22268862137,26859170622,29458586514,31790462579,35750799289
Military expenditure (current USD),MS.MIL.XPND.CD,Arab World,ARB,40851036167,42622220140,48508764668,54649194506,61282170542,73572238704,86261643586,91504042712,97976367584,1.07922E+11,1.21984E+11,1.42684E+11,1.55223E+11,1.3795E+11,1.11884E+11,1.19045E+11,1.2045E+11,1.12723E+11,1.1006E+11,1.21464E+11
"Population, total",SP.POP.TOTL,Sub-Saharan Africa,SSF,707693440,726785433,746546802,766978666,788110000,810019264,832642735,855885698,879797419,904282154,929328653,955096702,981506608,1008698799,1036155989,1063885274,1092403973,1121549049,1151302081,1181163013
"Population, total",SP.POP.TOTL,South Asia,SAS,1462070145,1489358080,1515703001,1541263909,1565892885,1589454615,1612709085,1636411632,1660546144,1684898004,1708706729,1731683901,1754030304,1775545180,1797072648,1818931519,1840534093,1861598514,1882531620,1901911604
"Population, total",SP.POP.TOTL,North America,NAC,319048184,321815286,324809693,327824506,331015609,334185120,337406357,340466060,343397156,345987373,348656682,351207902,353888902,356507139,359245796,361731237,363967201,365995094,369582571,370321816
"Population, total",SP.POP.TOTL,Middle East & North Africa,MEA,333949565,340215354,347044925,354462370,362633997,371324802,380294099,389332369,397997557,406045323,414117603,422790409,431664579,440506473,448917409,456885486,465073490,473201775,479966649,486168063
"Population, total",SP.POP.TOTL,Latin America & Caribbean,LCN,535935546,542976557,549897638,556739532,563424119,569972223,576386180,582738079,588873862,595510008,602139396,608642242,615046755,621390109,627668470,633797190,639628226,645295804,650534986,654980808
"Population, total",SP.POP.TOTL,East Asia & Pacific,EAS,2083969920,2100610344,2116651449,2132517760,2148405823,2164155292,2179914111,2195169711,2210203758,2225992094,2243776727,2261274500,2278232287,2294507020,2310721864,2327134580,2341387076,2353862257,2363941755,2370196777
"Population, total",SP.POP.TOTL,Central Europe and the Baltics,CEB,106959751,106624167,106331716,106041911,105772481,105378748,105001883,104800475,104421447,104174038,103935318,103713726,103496179,103257886,102994278,102740078,102538451,102398537,102180124,101410997
"Population, total",SP.POP.TOTL,Arab World,ARB,300018650,306573087,313249616,320558754,328703057,337498222,346630443,355754908,364427661,372351065,380383408,389131555,397922915,406501999,415077960,423664839,432545676,441467739,449228296,456520777
"Self-employed, total (% of total employment) (modeled ILO estimate)",SL.EMP.SELF.ZS,Sub-Saharan Africa,SSF,79.24730597,79.27994238,79.16254179,79.15208639,79.00013878,78.66857041,78.36319797,78.33181848,78.3577903,77.79884744,77.41840845,77.15001369,76.7357175,76.39423534,76.25467176,76.02156066,75.74085763,75.5434903,76.77968581,76.49213324
"Self-employed, total (% of total employment) (modeled ILO estimate)",SL.EMP.SELF.ZS,South Asia,SAS,79.75707326,79.65628692,79.69701995,79.54296219,79.33053543,79.13085971,79.08613959,78.88594277,78.67741783,77.58817012,76.33519557,75.48844245,74.75101803,74.02725496,73.28684899,73.01839405,72.15524502,71.34646981,71.84720384,71.40473084
"Self-employed, total (% of total employment) (modeled ILO estimate)",SL.EMP.SELF.ZS,North America,NAC,8.156325389,8.376755359,8.388594352,8.310107778,8.213384217,8.08296794,7.922829141,8.06228106,8.003067997,7.770286673,7.695176665,7.565193305,7.408068346,7.404836903,7.341083966,7.217564657,7.255092384,7.085150121,7.307263152,7.454177468
"Self-employed, total (% of total employment) (modeled ILO estimate)",SL.EMP.SELF.ZS,Middle East & North Africa,MEA,37.23389925,37.50611358,37.86314327,36.86273125,35.56242396,35.79793433,34.329501,33.78000695,32.61011326,32.33789154,31.66556541,31.76802008,31.46780429,30.8984295,29.25720995,29.58164825,29.43027948,28.88301863,28.48910245,28.29737869
"Self-employed, total (% of total employment) (modeled ILO estimate)",SL.EMP.SELF.ZS,Latin America & Caribbean,LCN,40.16815465,40.15479176,39.68098919,39.14564495,38.34542823,37.29464914,37.13677343,37.39968889,37.10501452,36.94015688,36.21234859,36.09153038,35.77899559,36.21582761,36.66239388,37.2943807,37.44454129,37.49823647,37.95530855,38.60740641
"Self-employed, total (% of total employment) (modeled ILO estimate)",SL.EMP.SELF.ZS,East Asia & Pacific,EAS,60.86065895,60.35625831,59.34020372,58.38112716,57.36340155,56.24331053,55.23905474,54.23067986,53.06510138,51.86971041,50.77073429,49.68616167,48.75582164,47.55672947,46.66129474,45.8824153,45.07413594,44.25657378,44.18360694,42.97806407
"Self-employed, total (% of total employment) (modeled ILO estimate)",SL.EMP.SELF.ZS,Central Europe and the Baltics,CEB,24.96538364,24.59947522,23.47972812,22.95321371,21.9828121,21.35285378,20.76181952,21.12193517,21.88459451,21.38046868,21.11654287,20.68376081,20.27859661,19.44642803,18.64105958,18.38391836,18.04356409,17.70757363,17.98524931,16.14845014
"Self-employed, total (% of total employment) (modeled ILO estimate)",SL.EMP.SELF.ZS,Arab World,ARB,38.8023326,39.05926258,39.39147474,38.14879211,36.67506971,36.99997857,35.66543755,35.16260473,34.17648274,34.02842501,33.11344189,32.98355727,32.82214984,32.1069862,30.07419439,30.31156416,29.95183832,29.46429719,29.46072971,29.40496755
Subsidies and other transfers (% of expense),GC.XPN.TRFT.ZS,Sub-Saharan Africa,SSF,..,..,..,..,..,..,..,..,..,..,27.23566193,..,26.78964484,24.04180359,26.47958979,20.17118549,20.39906116,23.35453128,..,..
Subsidies and other transfers (% of expense),GC.XPN.TRFT.ZS,South Asia,SAS,25.29284704,26.94358048,25.49610849,28.19649429,27.69872578,26.3651723,27.07379144,27.68218621,35.9777485,34.40081337,35.58875684,36.6705807,32.62346772,35.12824683,34.10061452,33.48432753,39.17164583,36.1846741,36.00294186,34.12039334
Subsidies and other transfers (% of expense),GC.XPN.TRFT.ZS,North America,NAC,59.39979879,60.38856191,60.40582855,61.51489689,61.29054274,61.73053132,60.8363648,63.65155336,65.06033989,64.13774311,64.81022643,65.92683408,66.75678616,68.16296983,68.73344743,68.44659631,68.05685231,68.23181259,75.41568406,71.04954154
Subsidies and other transfers (% of expense),GC.XPN.TRFT.ZS,Middle East & North Africa,MEA,..,..,..,29.91302171,32.26445872,..,..,..,..,..,..,..,..,..,..,..,..,..,..,..
Subsidies and other transfers (% of expense),GC.XPN.TRFT.ZS,Latin America & Caribbean,LCN,..,34.08931072,36.35278438,35.16525402,35.74007045,37.06716949,37.21246718,34.33852949,36.62730535,32.91183263,33.62632266,32.81272981,33.08123131,35.26483321,35.35765149,35.05461504,33.71109108,33.8134765,36.77706849,36.77375039
Subsidies and other transfers (% of expense),GC.XPN.TRFT.ZS,East Asia & Pacific,EAS,36.11738937,33.69596142,36.70713854,..,37.59199844,35.31237511,39.95355718,45.58912512,41.85185456,43.1262789,44.55343867,44.30994073,44.39891566,42.62687628,42.20912625,38.80416072,39.12625534,40.98575164,46.63591272,43.77444128
Subsidies and other transfers (% of expense),GC.XPN.TRFT.ZS,Central Europe and the Baltics,CEB,45.72237318,44.78911066,46.80626858,45.67351356,45.25485877,45.78509101,46.14436837,46.7582462,46.84749237,46.34861762,47.26666213,45.38260436,45.28752564,45.34613471,46.60502437,45.82311611,45.43754759,45.29261836,47.12252391,47.12673506
Subsidies and other transfers (% of expense),GC.XPN.TRFT.ZS,Arab World,ARB,..,..,..,..,..,..,..,..,..,..,..,..,..,..,..,..,..,..,..,..
Tax revenue (% of GDP),GC.TAX.TOTL.GD.ZS,Sub-Saharan Africa,SSF,..,..,..,..,..,..,..,..,..,..,..,..,..,..,..,..,..,..,..,..
Tax revenue (% of GDP),GC.TAX.TOTL.GD.ZS,South Asia,SAS,8.694131883,9.051690143,9.49137778,9.95776969,10.85892379,11.68169886,10.74138621,9.731935312,10.22545444,10.08755899,10.65805404,10.80402016,9.886459661,10.4608428,10.89045989,11.10101701,11.72127863,..,..,..
Tax revenue (% of GDP),GC.TAX.TOTL.GD.ZS,North America,NAC,10.1676544,9.718398085,9.862528611,10.9052291,11.48445325,11.46446941,10.45667682,8.279253329,8.833836896,9.732310209,9.926176946,10.58083929,11.00790307,11.32811483,11.049241,11.67168185,10.25593926,10.19828923,10.42848518,11.40657865
Tax revenue (% of GDP),GC.TAX.TOTL.GD.ZS,Middle East & North Africa,MEA,..,..,..,..,..,..,..,..,..,..,..,..,..,..,..,..,..,..,..,..
Tax revenue (% of GDP),GC.TAX.TOTL.GD.ZS,Latin America & Caribbean,LCN,..,..,..,..,..,..,..,..,13.1650239,13.64499635,13.33971215,13.32709409,13.23827219,13.77523046,13.82504531,13.48200975,13.60269719,13.54963522,13.21791283,14.11917424
Tax revenue (% of GDP),GC.TAX.TOTL.GD.ZS,East Asia & Pacific,EAS,..,..,..,11.26166001,11.699473,12.24602273,12.56894474,12.22192576,11.94397644,12.14826053,12.21097352,12.03748017,11.79828759,11.55351373,11.43997424,11.64109309,11.57853799,11.19609378,10.68709881,10.88988936
Tax revenue (% of GDP),GC.TAX.TOTL.GD.ZS,Central Europe and the Baltics,CEB,16.6874378,16.98294367,16.60656951,16.80649108,17.07786767,17.52637424,17.46486706,16.06070157,16.24423244,16.4662282,16.4549067,16.58858499,16.60273274,16.93905587,16.96736338,16.95560422,16.88622064,16.98714099,16.9091694,17.5451027
Tax revenue (% of GDP),GC.TAX.TOTL.GD.ZS,Arab World,ARB,..,..,..,..,..,..,..,..,..,..,..,..,5.242212676,5.408225366,..,..,..,..,..,..
Total natural resources rents (% of GDP),NY.GDP.TOTL.RT.ZS,Sub-Saharan Africa,SSF,9.32850955,9.147287435,10.03873385,12.46216725,12.91398514,13.95342821,18.03027183,10.47493125,12.64373351,15.25563876,13.26800578,11.43820431,9.438649208,6.216284118,6.544655453,7.850161003,8.412083005,7.46288694,6.024129886,9.94817896
Total natural resources rents (% of GDP),NY.GDP.TOTL.RT.ZS,South Asia,SAS,2.157858015,2.074468436,2.842555751,3.294834897,3.521903801,3.906951316,5.931280774,2.954211625,3.954205017,4.607831129,3.556566654,3.189010389,2.493311825,1.588511592,1.515086866,1.716653729,1.920502315,1.746403908,1.533688457,2.644942504
Total natural resources rents (% of GDP),NY.GDP.TOTL.RT.ZS,North America,NAC,0.830759636,1.26903779,1.500054276,1.831810314,1.387519102,1.337546222,2.227360297,0.845810364,1.080730635,1.374593682,0.84377704,0.845724629,0.794815738,0.242053073,0.339716303,0.48744213,0.688665847,0.660649606,0.395579422,1.569576368
Total natural resources rents (% of GDP),NY.GDP.TOTL.RT.ZS,Middle East & North Africa,MEA,18.58385176,20.73905119,24.54794616,30.09486876,30.95123734,28.37126506,32.16650284,20.59540725,23.55104822,30.62660515,29.85139215,28.46621647,25.75302669,15.43198592,12.97335555,16.3423344,21.8212078,18.7372665,12.55587994,18.58181988
Total natural resources rents (% of GDP),NY.GDP.TOTL.RT.ZS,Latin America & Caribbean,LCN,3.596694963,3.911612317,4.824200063,6.146698927,7.072163411,6.726869459,7.29013398,4.041965044,5.202508195,6.775116832,6.019816389,5.443083391,4.648583393,2.287539401,2.180136986,2.618646728,3.35006703,2.621018837,2.447566957,6.150169351
Total natural resources rents (% of GDP),NY.GDP.TOTL.RT.ZS,East Asia & Pacific,EAS,0.992583638,1.069040557,1.798849799,2.197746605,2.618552376,3.233526632,4.840211221,2.321886346,3.606847085,4.51056931,2.741858544,2.360310062,2.017780588,1.191990831,1.077615712,1.352098029,1.501879577,1.378541902,1.076902755,2.172210748
Total natural resources rents (% of GDP),NY.GDP.TOTL.RT.ZS,Central Europe and the Baltics,CEB,0.745217194,0.718474827,1.10551115,0.963901378,1.193923166,1.051132091,1.548219795,0.896907692,2.196681469,2.853826879,2.066481553,1.765817476,1.629277342,0.824982278,1.014625094,1.466670383,1.375222515,0.587885148,0.476776331,0.788809248
Total natural resources rents (% of GDP),NY.GDP.TOTL.RT.ZS,Arab World,ARB,20.5959851,22.94810749,27.02969171,32.35752927,33.03104365,30.74467057,34.74511999,22.58321203,25.77933749,34.77397502,34.18221032,31.57353832,28.16185051,16.90255809,14.20912222,17.7125196,23.10635699,20.3691136,13.55217702,20.24054193